{
  "project_info": {
    "project_number": "303478836078",
    "project_id": "atlas-57f93",
    "storage_bucket": "atlas-57f93.appspot.com"
  },
  "client": [
    {
      "client_info": {
        "mobilesdk_app_id": "1:303478836078:android:65da7a00e4e8df95d3cf7f",
        "android_client_info": {
          "package_name": "com.example.atlas"
        }
      },
      "oauth_client": [
        {
          "client_id": "303478836078-aovrt4inepv00plgc9ut0b0t6hbsg3j3.apps.googleusercontent.com",
          "client_type": 3
        }
      ],
      "api_key": [
        {
          "current_key": "AIzaSyChJ74vp2OkSH7GDBLARd-ORYA4vnpwW30"
        }
      ],
      "services": {
        "appinvite_service": {
          "other_platform_oauth_client": [
            {
              "client_id": "303478836078-aovrt4inepv00plgc9ut0b0t6hbsg3j3.apps.googleusercontent.com",
              "client_type": 3
            }
          ]
        }
      }
    }
  ],
  "configuration_version": "1"
}